user_id,created_at,description,location,followers_count,screen_name,statuses_count,favourites_count,verified
1508197172080222214,Sun Mar 27 21:41:16 +0000 2022,Thoughtful,,0,luzbaez628,31,3,False
1477370850147983367,Sat Jan 01 20:07:25 +0000 2022,Everything I do is done with fabulosiT.,,74,fabulosi_t,5111,5524,False
1477370850147983367,Sat Jan 01 20:07:25 +0000 2022,Everything I do is done with fabulosiT.,,74,fabulosi_t,5111,5524,False
39352523,Mon May 11 21:54:15 +0000 2009,meep morp,"Charlotte, NC",321,BroRo117,8579,39738,False
797937445,Sun Sep 02 09:53:55 +0000 2012,,,3,johnnieg98,3,61,False
67606504,Fri Aug 21 13:28:53 +0000 2009,"Nature lover, hiker, policy wonk, food nerd, New Yorker.","Hudson Valley, NY",236,sarah_brannen,372,55,False
1337102876536164352,Thu Dec 10 18:32:36 +0000 2020,,,0,Dennis53986254,196,63,False
1598722463357145090,Fri Dec 02 16:55:24 +0000 2022,,,0,Joey2Cards,7,13,False
1587442274283175937,Tue Nov 01 13:52:29 +0000 2022,,,7,jwluca1,849,639,False
192137630,Sat Sep 18 08:36:31 +0000 2010,fiscally conservative socially liberal,,28,dicmember,678,909,False
603018636,Fri Jun 08 17:44:41 +0000 2012,,Florida,14,FlamelessFondue,176,342,False
1598397899293216769,Thu Dec 01 19:25:45 +0000 2022,,,8,JohnJAmo6,202,19,False
1511381345100042241,Tue Apr 05 16:33:33 +0000 2022,"Artist, gun enthusiast, freedom of speech advocate.",,6,JoeHarr86346652,1449,35,False
1524404516279488513,Wed May 11 15:02:22 +0000 2022,Funny,,4,otispky,534,514,False
1519815084956176386,Thu Apr 28 23:05:47 +0000 2022,Making liberals look stupid since 1987,,12,RonHondo68,962,232,False
1450291753504940040,Tue Oct 19 02:44:59 +0000 2021,"Passionate, self motivated, loving mom #NWBO","Manchester, NH",20,WoitkowskiK,156,375,False
1598809173592088585,Fri Dec 02 22:40:11 +0000 2022,,,3,Andersonj2273,34,166,False
1586198800586395649,Sat Oct 29 03:30:58 +0000 2022,,"Bellingham, WA",0,DHerschlip,64,37,False
1585795943508606977,Fri Oct 28 00:50:11 +0000 2022,Gotta enjoy Life while you got it!,,132,RogerWPetersen1,1575,566,False
1578001025121882113,Thu Oct 06 12:36:02 +0000 2022,,,37,JacquesF68t1,163,101,False
751193283842506752,Thu Jul 07 23:16:50 +0000 2016,,"Gladwin, MI",10,guaranteedconst,671,189,False
1221983792774238211,Tue Jan 28 02:30:49 +0000 2020,,,19,Ted8675309,8860,6756,False
1467525068024651778,Sun Dec 05 16:04:15 +0000 2021,A loving mom.,,1,AspyreAspyre4,1417,6,False
1467233350423236609,Sat Dec 04 20:44:52 +0000 2021,,,15,FishNBobM,601,612,False
935479190,Thu Nov 08 21:30:38 +0000 2012,Real Estate Broker Associate at RE/MAX Trinity. Serving the Ft. Worth & surrounding areas!,"Fort Worth, TX",225,CathyWestRealty,1069,61,False
1578454406634373123,Fri Oct 07 18:37:55 +0000 2022,,,5,DianeTa14633279,358,51,False
1498357803706200069,Mon Feb 28 18:02:19 +0000 2022,Goat farmer,,31,hstantiques,334,1509,False
1511393246446071816,Tue Apr 05 17:21:27 +0000 2022,Retitled RN labor and Delivery,,20,roseykidd43,1296,4377,False
1586531117988978690,Sun Oct 30 01:31:59 +0000 2022,,,3,quiksilvrgrl,887,343,False
94876211,Sat Dec 05 21:55:44 +0000 2009,,"Jasper, AL",121,jeffsparks58,4484,499,False
1598816800413736960,Fri Dec 02 23:10:20 +0000 2022,,,0,jyenah990,149,82,False
1586348271538151424,Sat Oct 29 13:24:47 +0000 2022,,,5,JohnGromkoski,14,68,False
1596152193144463361,Fri Nov 25 14:42:48 +0000 2022,,,12,Forevertrue10,724,1064,False
1511352381837041671,Tue Apr 05 14:38:00 +0000 2022,We are all Human First! Opinions welcome hear. Think Outside the Box!     No BlueSmoke and Mirrors.,,2,d1drumer,174,207,False
1589821144261083136,Tue Nov 08 03:24:55 +0000 2022,,,4,buldawg1971,76,14,False
1596877123389722624,Sun Nov 27 14:42:46 +0000 2022,,,6,gman4133,57,71,False
1587186900833472512,Mon Oct 31 20:57:53 +0000 2022,Mother of 3; Grandmother of 6,"Gilbert, AZ",64,Ev06580205Evans,417,802,False
248349283,Sun Feb 06 20:23:54 +0000 2011,"SADLY, WE LOST A TRUE PATRIOT WHO LOVED THE USA.🇺🇲 🇺🇲 MAGA FOREVER!!  OH YEAH...ROLL TIDE ROLL!! 🐘🅰️",,2841,BAMAJOE4,76538,11839,False
1585798758285164545,Fri Oct 28 01:01:14 +0000 2022,"Retired military, Retired VA, Father, Husband","Chicago, IL",1,MichaelDuzenski,302,474,False
1580683819669135385,Thu Oct 13 22:17:39 +0000 2022,,,27,CynthiaCindyLu1,1227,4078,False
1555622606602227713,Fri Aug 05 18:32:19 +0000 2022,Retired,,0,doubletap223HP,12,47,False
1507683641538891781,Sat Mar 26 11:39:42 +0000 2022,,,54,margirbarber,2103,12752,False
2779304716,Sun Sep 21 18:19:40 +0000 2014,,,0,stregg01,21,2,False
255071196,Sun Feb 20 16:23:14 +0000 2011,I rap with people ALL over Michigan and the USA. Sharing my thoughts.,Michigan,222,PWFelch,3837,698,False
1585701179501297665,Thu Oct 27 18:33:49 +0000 2022,,,3,JonRB12,117,363,False
1490193862941368320,Sun Feb 06 05:21:33 +0000 2022,,"Fredericksburg, TX",2,seachickens70,710,80,False
1590054762183106561,Tue Nov 08 18:53:17 +0000 2022,,,40,tinnasVlogsE13,817,1220,False
874712237063249920,Tue Jun 13 19:37:03 +0000 2017,"Irish-Catholic, cinephile, avid reader, retired, and crazy about my wife 🇮🇪☘️",,182,mccray12_mac,14282,3952,False
1519066528783736833,Tue Apr 26 21:31:16 +0000 2022,,,2,dinotankerM60A1,286,202,False
1549759694545321985,Wed Jul 20 14:14:59 +0000 2022,Work in financial services. Mom of amazing son,,2,F45Harry,608,10,False
604726557,Sun Jun 10 16:29:58 +0000 2012,Veteran,,120,gacnmac,7651,9691,False
1583777792872914944,Sat Oct 22 11:10:54 +0000 2022,,,2,doctornickz,67,2,False
1585969548733431808,Fri Oct 28 12:22:05 +0000 2022,,"Marietta, GA",0,Notscaredpissed,19,6,False
986685548612980736,Wed Apr 18 19:19:01 +0000 2018,Grandparent. God centered. Law and Order. Constitutionalist. Liberty. Republic. Honor. First Responders. Veterans First. Blessed to live in USA,,827,Flyonth85407338,30290,12303,False
1586566138271506432,Sun Oct 30 03:50:46 +0000 2022,,,1,jasonmf7777,37,40,False
1330690595485081608,Mon Nov 23 01:52:26 +0000 2020,𝘵𝘳𝘢𝘥𝘦 𝘵𝘩𝘦 𝘯𝘰𝘪𝘴𝘦. 𝘱𝘦𝘳 𝘢𝘴𝘱𝘦𝘳𝘢 𝘢𝘥 𝘢𝘴𝘵𝘳𝘢.,,61,durivatives,1045,9554,False
727596258,Tue Jul 31 04:55:14 +0000 2012,Common Sense Politics. You reap what you sow.,in your head,129,twdjr,15503,15311,False
297233399,Thu May 12 05:06:33 +0000 2011,,,43,NotNotBill,1851,1209,False
1588456187426533376,Fri Nov 04 09:01:22 +0000 2022,Please help me prove I am Twitter’s Greatest Hypnotist. 🍭🍭🍭🍭Click on Follow🍭🍭🍭🍭🍥🍥🍥🍥🍥🍥🍥🍥🍥🍥🍥🍥🍥You will click on follow…click on follow…follow,USA,3,unobtaniums,114,86,False
1588896148319764487,Sat Nov 05 14:09:21 +0000 2022,,,37,BlakeFain7,66,1388,False
2790922476,Fri Sep 05 01:47:02 +0000 2014,Retired Department of Navy Physical Scientist/Hydrogeologist,Texas Hill Country ,10,jimw20104,403,324,False
1587576328236273675,Tue Nov 01 22:45:30 +0000 2022,,,14,eknesocmjk,130,1160,False
1472622967322562576,Sun Dec 19 17:41:00 +0000 2021,,"Lake Forest, IL",114,KiserRod,711,532,False
1549778070760001544,Wed Jul 20 15:28:03 +0000 2022,,,17,Mackeym49055503,2742,485,False
1586873335174029312,Mon Oct 31 00:11:30 +0000 2022,"Dogs are awesome, MAGA to the core, Follower of Christ","Chicago, IL",18,James59225185,313,834,False
1568399122138537985,Sat Sep 10 00:41:27 +0000 2022,"small businessman, father and grandfather",,59,HappyinAZ3,668,1600,False
1117734006,Thu Jan 24 21:03:14 +0000 2013,We have the largest light bulb inventory in the Pacific Northwest which makes us the leaders in specialty lighting!!,"Seattle, WA",130,PacificLamp206,750,280,False
1598487395988561922,Fri Dec 02 01:23:47 +0000 2022,,,6,GregMilne19,36,84,False
1523455648360538112,Mon May 09 00:12:12 +0000 2022,,,28,ChrisSt61561486,13347,3553,False
1570516748448763904,Thu Sep 15 20:56:05 +0000 2022,Husband • Father • Artist • WIDE AWAKE not woke! Thank you @ElonMusk! TRUMP 2024🇺🇸,Somewhere in Massachusetts,36,ken16020977,1845,808,False
2334438835,Sun Feb 09 03:02:15 +0000 2014,,,26,blandawn,1776,5890,False
1523134974316187649,Sun May 08 02:58:30 +0000 2022,,,9,metalmongoose01,268,530,False
1595285385105575936,Wed Nov 23 05:18:32 +0000 2022,,,6,Ollolid,21,196,False
1587128533637283840,Mon Oct 31 17:05:26 +0000 2022,"US Army (Ret). Jesus Christ, Family, Football GS-GATA, Physical Fitness, Hard Work and the Great Outdoors. Peace Through Strength. Philippians 4:13","Treutlen County, Georgia",23,Scooter_D_48,89,600,False
1519060733446791169,Tue Apr 26 21:08:09 +0000 2022,the fisherman,Maine,2,ddodco2,209,412,False
1524038466899689477,Tue May 10 14:48:07 +0000 2022,"Never wanted perfect, just real.  My life mission is to help others find emotional balance in their own lives with my divine gifts and coaching abilities.","Lebanon, MO",13,TinaNav06186977,21,63,False
1487065647943061507,Fri Jan 28 14:11:22 +0000 2022,,"Fresno, CA",13,WagonerLonnie,123,397,False
1519338390814085122,Wed Apr 27 15:35:59 +0000 2022,conservative grandma,,151,Jeanneallana9,8837,25249,False
1884435228,Thu Sep 19 21:36:47 +0000 2013,,,1,ctrover12,971,8,False
329298596,Mon Jul 04 21:05:56 +0000 2011,,,20,thekidx6,8704,2500,False
1481067529275523073,Wed Jan 12 01:05:12 +0000 2022,moderate enough to irritate all sides,Earth,17,cRalifonia,104,821,False
859417832127332357,Tue May 02 14:42:33 +0000 2017,The world is mad...fun. Ride the snake.,,215,OuttaTownCap,18880,8286,False
1158793185113575428,Tue Aug 06 17:33:19 +0000 2019,"We are the dogs fighting to the death, and twitter is the ring owner charging advertisers to watch","Georgia, USA",39,MindPublic,3975,2914,False
309165457,Wed Jun 01 16:55:49 +0000 2011,Free speech is my right to say what you don't want to hear,"Denver, Colorado",2012,vekkpakk,6596,6,False
1501631467939639300,Wed Mar 09 18:50:34 +0000 2022,📰 News by the People -https://t.co/Spw17zvtNv Create & share news for free. We believe 99% of politicians (left & right) are bad for the American people,,377,argo_times,181684,4,False
1550207783814979590,Thu Jul 21 19:56:10 +0000 2022,"Musician, retired psychotherapist, family man, soldier",,48,Louis05668151,999,129,False
1597959166034907137,Wed Nov 30 14:22:36 +0000 2022,,,3,justmeusa22,3,17,False
1518824512799838214,Tue Apr 26 05:30:12 +0000 2022,"I'm a real homebody, I like to go out occasionally,  have a good time and conversate with other people on my level.",,5,LouisPe22985561,99,238,False
63555364,Thu Aug 06 22:08:27 +0000 2009,Somebody's dad and son,Maryland,82,tchanta,12142,2765,False
1592551029676986369,Tue Nov 15 16:12:24 +0000 2022,"Student at Weber State University - on the path to becoming a public school teacher. I love being with my family, having fun, and making sense of the world.",Near SLC Utah,12,WittNelsen,226,628,False
703275228172931072,Fri Feb 26 17:47:35 +0000 2016,"I am a food blogger Slice of Taste, and owner of TarBox Hollow Poultry https://t.co/hs1TJXphGE I contribute to Homestead Hustle and Grit Magazine.",Northeast Nebraska,28,sliceoftaste,300,1807,False
1595525540202569743,Wed Nov 23 21:13:26 +0000 2022,"BS in Computer Science & Engineering from Princeton 2015
MS in Computer Science from Stanford 2017
AI, Cyber Security, Theoretical Computer Science enthusiast","Newark, Maryland",62,Novaordo92,42,3,False
339831428,Thu Jul 21 18:42:11 +0000 2011,"Ultra MAGA Deplorable- Followed by James Woods,Ted Cruz,Lara Logan,Dinesh,Juanita Broaddrick+. Cry harder Dems/I’ll ALWAYS be MAGA. #GoDawgs",The South ,25443,SeldenGADawgs,420142,18386,False
1232448589751779328,Tue Feb 25 23:35:08 +0000 2020,,,2,Celine50508413,576,410,False
1485968326794874884,Tue Jan 25 13:31:54 +0000 2022,"Thinking in the tank.
Pianist.",,40,ronsturdevant4,2915,2594,False
1527255367188680710,Thu May 19 11:51:00 +0000 2022,,,0,KCX04048599,25,4,False
2393345702,Sun Mar 16 22:18:36 +0000 2014,"Retired @ Fort Home, Sargent First Class, Senior NCO, U.S. Army.   Freelance Photographer, The Tombstone Photographer, Master Mason, Partner Spotted Eagle LLC","Sierra Vista, & Tombstone, AZ",8,harrj1234,50,28,False
1374504221203070979,Tue Mar 23 23:32:23 +0000 2021,"I don't care, do you. Not a Bot. I dont want followers, Im not Jesus. Just a person with opinions in a world where you can be canceled for having free thought.",The greatest Country: U.S.A.,112,eyedontcaredoy1,2054,1679,False
1519492811049086976,Thu Apr 28 01:45:17 +0000 2022,,,93,GordonPiszar,351,709,False
1587871242534658052,Wed Nov 02 18:17:03 +0000 2022,Maga patriot --🇺🇸🇺🇸🇺🇸 --Ohio State Buckeyes 🏈🏈🏈🏈 Golfer🏌️‍♂️🏌️‍♂️⛳⛳⛳,"Ohio, USA",456,Kenosabe1969,1566,1064,False
1459876234133921792,Sun Nov 14 13:30:18 +0000 2021,,,5,JacquelineNaz15,514,3078,False
1519131688500142081,Wed Apr 27 01:50:27 +0000 2022,,,8,TommySc20346014,674,1211,False
130522971,Wed Apr 07 14:50:39 +0000 2010,Retired and traveling...,"The Bronx, NY, USA",27,Nylsa17,13562,1072,False
1586303838839095296,Sat Oct 29 10:28:40 +0000 2022,,,3,clevechesson1,64,29,False
1588823372816842752,Sat Nov 05 09:19:52 +0000 2022,"Amateur writer, Manufacturer, Student for Teaching attempting 2 masters and taking a long time.  Republican moderate/Father of 2/Husband/Brother",Northwest Minnesota,40,ChrisCoolyard,2576,796,False
1523459673491480576,Mon May 09 00:28:31 +0000 2022,,,50,bruceash12,12320,4744,False
322948663,Fri Jun 24 00:47:13 +0000 2011,"Semi Retired, nervous about the future of our country, mostly for our children and grandchildren. Our country needs to get back to good old fashioned values.","Show Low,  AZ",34,Kate2011Kate,1165,95,False
1575234941947740160,Wed Sep 28 21:28:01 +0000 2022,,,4,JohnIoane14,308,94,False
833259260498702336,Sun Feb 19 10:17:43 +0000 2017,,By By,4,manfromuncle422,177,15,False
1479910631495057412,Sat Jan 08 20:19:51 +0000 2022,I love sports,Florida,229,IvanMor95001511,22218,15640,False
1459641491161239552,Sat Nov 13 21:57:29 +0000 2021,Your outrage is not real. You didn’t care until you were told to. Activism is a way for the useless to feel important.,,23,ItsAnOrangySky,6411,1461,False
1518869725912178689,Tue Apr 26 08:31:13 +0000 2022,Super PATRIOT,,12,annwestover25,3501,45,False
110825926,Tue Feb 02 22:24:24 +0000 2010,,,207,Rein2345,4872,67971,False
1486524844258652160,Thu Jan 27 02:22:22 +0000 2022,,,5,TracyJarman7,526,616,False
1444884971672387584,Mon Oct 04 04:40:37 +0000 2021,,"Rancho Cucamonga, CA",5,Bajacruising,119,446,False
1598904370384584706,Sat Dec 03 04:58:29 +0000 2022,"Proud American, Proud Kentuckian, Proud Republican

Only a fool can't see what Joe Biden has done to this country!
💯💯💯💯💯🇺🇸🇺🇸🇺🇸🇺🇸🇺🇸🇺🇸🇺🇸🇺🇸",See above ,9,GoodOleBoy71,42,53,False
157525113,Sun Jun 20 02:44:41 +0000 2010,"Editor at #JesusIsNOTaRepublican
Political and Religious Irony",Midwest,694,LeftneckJesus,47283,22022,False
1053022427804983296,Thu Oct 18 20:38:05 +0000 2018,"44 years Law enforcement,  11 k9/Swat and 33 years Detective.","Virginia, USA",3,GaryDayton4,416,627,False
1591553206110273537,Sat Nov 12 22:07:41 +0000 2022,,,2,BruceThom9,12,7,False
1546480986090680323,Mon Jul 11 13:06:35 +0000 2022,ALWAYS checking the truth in every persons WORDS and ACTIONS on their network comments. I LOVE it when they cannot respond with TRUE facts!,,24,tonyfailrocket1,487,286,False
1510959062225203204,Mon Apr 04 12:35:34 +0000 2022,"Potter , Farmer , Rancher ,teacher",,31,DyAnn63057174,2391,1620,False
1598685310644154368,Fri Dec 02 14:29:10 +0000 2022,,,0,CocoEN1010,30,14,False
1198312804614365186,Sat Nov 23 18:50:18 +0000 2019,Married Christian woman retired. Trump Supporter! I  honor and respect all armed forces.  Thank you to all armed forces and Police.   Trump Won,,476,April99254098,5455,6789,False
1492593429825703937,Sat Feb 12 20:16:37 +0000 2022,"old person, grandma, mom","Arizona, USA",63,syleeone7,2667,4543,False
1589160702790569985,Sun Nov 06 07:41:42 +0000 2022,,,13,rogerdery62,693,869,False
928262158055591936,Wed Nov 08 14:05:19 +0000 2017,News,"Wellington, FL",16,ChatCloud2018,1344,319,False
1586002365953593349,Fri Oct 28 14:31:35 +0000 2022,"Proud Conservative, Military Vet, Retiree. Supports all races and sexual choices, but there are only two genders. Be you, but don't demand others approve.",Florida/Illinois,5,chibooey,209,537,False
719676339436003330,Mon Apr 11 23:59:45 +0000 2016,,Florida ,322,dock1942,22970,21180,False
1311185396,Thu Mar 28 16:58:36 +0000 2013,"Be fair, have faith & balance this faith fun.",,9,TBattiss,1010,3388,False
1587196937702440962,Mon Oct 31 21:38:05 +0000 2022,,,7,LadyGolfer65,540,1833,False
19323269,Thu Jan 22 03:14:48 +0000 2009,;ove all there products use it espcially on feet and nails so nice to use only one product that works,Ohio,95,peachy62,7106,47,False
1586081648508018694,Fri Oct 28 19:45:44 +0000 2022,,,0,BHam880,221,79,False
1592595924114628620,Tue Nov 15 19:11:36 +0000 2022,,,0,atande1951,31,9,False
1594926774042836992,Tue Nov 22 05:33:03 +0000 2022,,,0,AButyl6,68,82,False
1631847450,Tue Jul 30 03:10:51 +0000 2013,,,4,Igob4uJimmy,1999,11,False
109472756,Fri Jan 29 04:44:23 +0000 2010,"Servant of Jesus.  Father.  Pastor.  Former Brass Player (Tuba, Trombone, Euphonium).  St. Louis Cardinals Baseball Fan, motorcyclist #Tuba #Trombone #Bass","Leadwood, MO",354,BrassPlayer2014,7887,31386,False
1588507882714284032,Fri Nov 04 12:28:04 +0000 2022,,,1,PaulFogt,329,217,False
1593103951456391170,Thu Nov 17 04:49:33 +0000 2022,,,0,RockerchicVal,28,28,False
1578552308866375680,Sat Oct 08 01:06:47 +0000 2022,,,9,Patgrinnan1,286,1969,False
1439704604950900742,Sun Sep 19 21:39:42 +0000 2021,Dynamic creator of enlightening experiences & content,,18,thyme4real,770,680,False
1587055120235241472,Mon Oct 31 12:13:34 +0000 2022,Antiques,"New Jersey, USA",3,hew39012675,24,11,False
2730106369,Wed Aug 13 18:51:05 +0000 2014,I am a dreamer...a seeker of truth.. a singer song writer...,,37,starahv1,7262,3737,False
1585593619901284356,Thu Oct 27 11:26:07 +0000 2022,"Sailing my life away.  Proud American, lover of life in America.  Strong Republican for the good ones.",,154,TakeiteasySV,3852,4494,False
1366425278638137345,Mon Mar 01 16:29:26 +0000 2021,WINNING,"Florida, USA",23,CommunistDemoc4,13182,7258,False
458525203,Sun Jan 08 17:22:58 +0000 2012,"Born in Houston ,Went to Viet nam,married a wonderful lady Vickie Rodeoed for a living till 85,Cattle broker and team roper till now . Living in Grandview Tex",Grandview Texas,9,BillTyer,1404,930,False
1499604723741122579,Fri Mar 04 04:37:55 +0000 2022,,,1,BobWysocki4,632,2,False
1515078186190659587,Fri Apr 15 21:23:31 +0000 2022,Kind liberal who believes that every American has the right to freedom of speech! Including liberals and conservatives without having what we think deleted.,,0,Kmyonko1560,17,22,False
1588341434142392321,Fri Nov 04 01:25:42 +0000 2022,RadarMP,,0,DeborahCales890,18,90,False
1588014161778601985,Thu Nov 03 03:46:48 +0000 2022,Mine has been a coincidental life where I found myself a witness to major crimes people still ponder today as they were never really investigated nor solved.,,7,mysterriyes,778,212,False
1515664077925801988,Sun Apr 17 12:11:06 +0000 2022,Husbandfatherpapa,,16,gtrup01,648,309,False
1518695825915977734,Mon Apr 25 20:58:32 +0000 2022,"Retired Nurse, who loves every day!",,1,vipie1951,92,72,False
1588601336593104897,Fri Nov 04 18:38:42 +0000 2022,,,0,Batsomax,41,58,False
1519365729002262530,Wed Apr 27 17:21:18 +0000 2022,"Gray haired, old, retired guy",,4,CurtisW66773120,458,1,False
1518864328975425536,Tue Apr 26 08:07:59 +0000 2022,,,22,Tigerbear_7,2250,7028,False
1140550132884070401,Mon Jun 17 09:21:56 +0000 2019,,,13,thomaslew13,6423,0,False
1501631467939639300,Wed Mar 09 18:50:34 +0000 2022,📰 News by the People -https://t.co/Spw17zvtNv Create & share news for free. We believe 99% of politicians (left & right) are bad for the American people,,377,argo_times,181684,4,False
125069088,Sun Mar 21 15:38:27 +0000 2010,Economics. Mississippi State. Jiu Jitsu.  Married to @lyradnoel,"Franklin, TN USA",515,AdamVassGal,10571,2957,False
1497654363166289924,Sat Feb 26 19:26:49 +0000 2022,American constitutional conservative,,124,AmericanPolit76,10839,15013,False
54424983,Tue Jul 07 02:47:33 +0000 2009,Luv the Fam. Atlien. #BattleATL #DirtyBirds #UABAlum Que4Life Physicist by trade treating cancer. Tweetacologist is my side hustle.,Atlanta,2557,LilHulkQ,151875,103468,False
414977644,Thu Nov 17 18:55:37 +0000 2011,speaker of truth,Alpha Centauri,142,htmdnl,17055,44305,False
31118213,Tue Apr 14 13:15:00 +0000 2009,"Musician, technologist, creative progressive thinker, Social-Liberal optimist w/intent to make the world worthy of its children. Got my eye on the players.","Arlington, WA",1275,GenX_Futurist,62858,3518,False
1563904151184097282,Sun Aug 28 14:59:55 +0000 2022,"Our Custom glitter gel has a puzzle piece, a signature for my daughter. She is nonverbal autistic. We hope to raise awareness of Autism and special needs🧩💕","Ashland, KY",3,LoveHasNoWords2,20,5,False
841619868923314177,Tue Mar 14 11:59:48 +0000 2017,,,25,DavidWo15416040,51717,73,False
1562620150527844352,Thu Aug 25 01:58:50 +0000 2022,"University of Cincinnati - Class of 1978. 
Revenue Officer (Retired) Internal Revenue Service.","Chillicothe, OH",2,george21roadru1,18,172,False
511178439,Fri Mar 02 01:40:59 +0000 2012,,,5,PatriciaColem65,1484,196,False
551023655,Wed Apr 11 14:14:11 +0000 2012,,,13,hankray1,110,42,False
949030469546512386,Thu Jan 04 21:31:10 +0000 2018,"South Jersey born,raised, love the Phillies, ret USAF, ret Baccarat Dealer,  ret DJ, Gloucester Cath HS 77 Grad, now Smokey Mtns",Earth,84,Scottmaier221,1840,2004,False
115764208,Fri Feb 19 21:30:43 +0000 2010,,palm desert,2,fcplott,50,22,False
1587105896701706240,Mon Oct 31 15:35:39 +0000 2022,,,1,EarleSm16713113,19,12,False
1344790025108652033,Thu Dec 31 23:38:54 +0000 2020,"God fearing, family loving, conservative",,1780,FirminSheila,38207,19666,False
1357400972427890688,Thu Feb 04 18:49:58 +0000 2021,"Just an average Single guy, in a below average dating pool..",,4,JoshuaM68293324,5,3,False
1476671121957265419,Thu Dec 30 21:47:17 +0000 2021,,,5,dhbanker54,156,578,False
1496172441755951106,Tue Feb 22 17:18:43 +0000 2022,Straight up dude..no more...no less,,0,nstrack1017,6,0,False
1597980760216150017,Wed Nov 30 15:48:25 +0000 2022,I used to be a much more interesting person but it just takes so much effort,"Kentucky, USA",0,HBuluki,14,0,False
1586045840749203456,Fri Oct 28 17:23:05 +0000 2022,,"Bristow, OK",5,PekrulJeffrey,29,151,False
1586492758327435264,Sat Oct 29 22:59:07 +0000 2022,,,1,EvaFran41752781,1,5,False
42931231,Wed May 27 17:31:41 +0000 2009,I am me an you just take me for who I am or dont...life is to short to worry what others think of me....😎💚🍀,,16,owllover61,322,278,False
790211929654435842,Sun Oct 23 15:23:00 +0000 2016,Creative Collaborator,"Albuquerque, NM",140,kellicooperabq,441,394,False
1486690257156386819,Thu Jan 27 13:19:51 +0000 2022,,Stankonia,1,TonyRazzberry,263,186,False
1519673673074065409,Thu Apr 28 13:43:41 +0000 2022,Mostly Conservative,,3,1BrooklynBobby,162,199,False
1586336013458313220,Sat Oct 29 12:36:11 +0000 2022,,,2,Karen22065,122,57,False
1311141622508326912,Wed Sep 30 03:12:18 +0000 2020,,,2,TC29932902,36,262,False
1594486136637980672,Mon Nov 21 00:22:12 +0000 2022,,,0,SteveHo44262270,4,14,False
958130507920887810,Tue Jan 30 00:11:29 +0000 2018,,,12,TMOATTS1,1772,5422,False
520348100,Sat Mar 10 12:16:13 +0000 2012,,,17,MarcBiviano,26,8,False
1594286885148450818,Sun Nov 20 11:10:48 +0000 2022,,,3,BettySaveUSA,93,255,False
1476111562545012737,Wed Dec 29 08:43:31 +0000 2021,,,1,flader_james,39,16,False
918232370276438016,Wed Oct 11 21:50:31 +0000 2017,"Left leaning  mechanic that loves theater and family. dirt road, Democrat",,1468,Randon7981,32202,417631,False
370251465,Thu Sep 08 18:16:38 +0000 2011,"DaaS Inovator/Architect!
TrinityIDC - DW/BI for the rest of us...
CDVP2",,228,DaleTAnderson,3356,5180,False
1598525492390412291,Fri Dec 02 03:53:11 +0000 2022,,,2,normssecret,38,3,False
1587484863942254594,Tue Nov 01 16:42:22 +0000 2022,,,1,kimgoslin1,2,13,False
1430418360278208516,Wed Aug 25 06:35:33 +0000 2021,"PhD from California State University, Los Angeles. 5 yrs Vegan, Animal Lover.","Los Angeles, CA",109,KirstinKristina,3065,2264,False
1519310786061029378,Wed Apr 27 13:42:16 +0000 2022,"Salty Ol Southern Mi Mi who was raised in what was the Great Pacific Northwest. Wife , Mother and Mi Mi . I don't accept messages bahahaha.",,2,SaltyOlMiMi,87,216,False
3067333392,Sun Mar 08 02:07:16 +0000 2015,,"Ohio, USA",179,MatCat58,14566,12942,False
1593981915463303172,Sat Nov 19 14:58:48 +0000 2022,,,6,1curious_person,249,29,False
1518912138525306880,Tue Apr 26 11:17:48 +0000 2022,Red blooded American,,3,Rd051471,202,19,False
1485060530482130946,Sun Jan 23 01:23:39 +0000 2022,,"Cuyahoga Falls, OH",0,porthioskanan,108,17,False
3060080906,Tue Mar 03 16:02:19 +0000 2015,CTE teacher and FBLA chapter adviser.  Blended family that includes 6 daughters and 6 granddaughters.  Avid reader.  Love to travel.,77407,39,ivydoris6,470,197,False
1586574029988990976,Sun Oct 30 04:22:04 +0000 2022,,,3,David86726614,17,192,False
1597727168519319552,Tue Nov 29 23:00:38 +0000 2022,,,1,Sherrie17949383,1,0,False
1503504859621953536,Mon Mar 14 22:55:13 +0000 2022,"✌🇺🇸 ☢️🚢🛢🚜🪙
Natural Resource Investor, Uranium Bull, and Entrepreneur

Follow me on Instagram - useful_idiot87","Minneapolis, MN",16,Useful_Idiot87,709,238,False
1529342127456632832,Wed May 25 06:02:56 +0000 2022,"am 56 white male singel i like the beach live in florida i have 3 pet peves 1 i hate liars ,2i hate cheaters 3 i hate thiefs i like to fish listen to music",,22,Freedom82394956,26,30,False
1869986654,Mon Sep 16 02:36:44 +0000 2013,,,129,WALenyaW,76,59,False
1597805774633304064,Wed Nov 30 04:12:59 +0000 2022,"I am a history enthusiast, author, speaker.  I study religions, governments, media compare, check facts, keep old photos marking places Presidents, VP,s travel.",Grants Licke.  KY,22,KathyMartinHal3,185,465,False
1519361738663247873,Wed Apr 27 17:04:25 +0000 2022,,,9,JasonGi37909786,83,99,False
1594096256275681280,Sat Nov 19 22:32:47 +0000 2022,,,6,WileKelley,357,42,False
1545391050629447681,Fri Jul 08 12:55:30 +0000 2022,,,0,kangiephil,36,119,False
841619868923314177,Tue Mar 14 11:59:48 +0000 2017,,,25,DavidWo15416040,51717,73,False
15475688,Thu Jul 17 23:38:44 +0000 2008,,Georgia,13,dfeld,70,9,False
1396959541661601794,Mon May 24 22:41:34 +0000 2021,,,11,Curious56388405,3350,1558,False
80907525,Thu Oct 08 18:17:09 +0000 2009,#TheSweetSoulBistroTuesdays #HushSignatureEvents Huge Events #TibaEnt 248 343 2838,"Detroit, MI",1253,tibabadboyQ,49300,115,False
1391386564081569799,Sun May 09 13:36:37 +0000 2021,,,1,kimmarrs3,125,219,False
1532238746334248961,Thu Jun 02 05:53:11 +0000 2022,,,0,Richard50008864,3,0,False
65743095,Fri Aug 14 21:40:25 +0000 2009,,cucina povera,1006,ZioJamesB,12687,23843,False
1522547089984692226,Fri May 06 12:02:19 +0000 2022,,,1,DanVondra3,88,2,False
1164922527895834625,Fri Aug 23 15:29:26 +0000 2019,I am who I am.,,1,JameseMendenha1,17,5,False
1518690374876815360,Mon Apr 25 20:36:41 +0000 2022,,,6,Melissa06257632,224,535,False
1197230328894676992,Wed Nov 20 19:09:00 +0000 2019,I live off the grid. Am building my own 500 sq ft tiny house.  I am very interested in political views & am outspoken about women's rights & equality.,,24,Pioneerwoman7,43,1528,False
1593695862110183427,Fri Nov 18 20:01:36 +0000 2022,,,0,Frandecker1023,5,14,False
228474083,Sun Dec 19 20:44:21 +0000 2010,,,9,Mr_Incredible4U,57,26,False
1569511469301248003,Tue Sep 13 02:21:44 +0000 2022,,,0,mba_wright,1,2,False
1585808483445882882,Fri Oct 28 01:39:48 +0000 2022,,,2,DarrenOfTexas,181,32,False
1287195384599793664,Sun Jul 26 01:18:00 +0000 2020,,,1,urban_tech96,51,22,False
1492933695178739716,Sun Feb 13 18:48:44 +0000 2022,,,0,FahleyJude,87,25,False
1514725036879396865,Thu Apr 14 21:59:55 +0000 2022,,,6,CindiMcCullou15,736,348,False
1589753958066790400,Mon Nov 07 22:57:45 +0000 2022,"Vice President of Feldman/Mark Wahlberg Automotive (Retired). Former Director of Fixed Operations Sheehy Auto Stores and Hendrick Auto Group, Cary, NC.","Naples, FL",4,gary_letkemann,1,0,False
1575974567734116352,Fri Sep 30 22:23:57 +0000 2022,,"Huffman, TX",8,Conserv72335210,356,119,False
804357762524282880,Thu Dec 01 16:13:29 +0000 2016,,,10,hedrick_karin,61,190,False
1165795613566521344,Mon Aug 26 01:18:48 +0000 2019,My opinions are my own,,28,Anthony33760347,9123,2127,False
1519514899864502278,Thu Apr 28 03:14:38 +0000 2022,,,68,greg_weyers,52,339,False
1593702211883659264,Fri Nov 18 20:26:49 +0000 2022,,,3,eric_winokur,1,4,False
1587471709950554113,Tue Nov 01 15:49:47 +0000 2022,,,0,JayDubyaRob,23,16,False
449211744,Wed Dec 28 21:36:53 +0000 2011,,,3,weabruce,448,21,False
707286479978926080,Tue Mar 08 19:26:52 +0000 2016,"Native Floridian, Seascapes,Weather & Wildlife Photographer, Storm Tracker/Chaser LIVE coverage representing SVLMedia LLC","Pensacola, FL",166,DJDawkins7,1130,11835,False
1518841053922488321,Tue Apr 26 06:36:50 +0000 2022,Bedrock of Democracy is Free Speech,,0,FreeSpeech4_22,7,27,False
1600969620,Wed Jul 17 13:45:13 +0000 2013,,,6,nancyswindle863,34,118,False
1515138915132485637,Sat Apr 16 01:24:38 +0000 2022,"Beth, mom, school social worker
#ssw https://t.co/9cM4igLKR7
https://t.co/C6qGuaAvKR","Michigan, USA",242,Bgm117771,6032,488,False
1207041389185437696,Tue Dec 17 20:54:54 +0000 2019,,,0,TonyShockey6,14,22,False
244990242,Sun Jan 30 16:25:30 +0000 2011,"ummmm well.....I'm a mommy to 3 & I love every second of it! Texas born, Texas raised & Trump supporter. That’s me, I’m not perfect but I damn sure try",Little Cypress Texas,122,cdeshbach,2484,1661,False
1419151513591730179,Sun Jul 25 04:24:52 +0000 2021,,,0,camarda1_rob,3,7,False
3408084976,Sat Aug 08 01:29:26 +0000 2015,I don't care about your problems because white people suck.The day is coming in America where the white race will be suppress just like they have done us blacks,USA,52,looenytic,14791,1467,False
1349044312152031232,Tue Jan 12 17:24:24 +0000 2021,Walking,,20,TrudyJo65995505,4420,4004,False
1586425413252927488,Sat Oct 29 18:31:35 +0000 2022,,,1,John_Connor13,4,15,False
1594435819842199554,Sun Nov 20 21:01:53 +0000 2022,"Family, liberty, happiness, peace, prosperity with a side of extreme sports.","Palmer, AK",2,logicalexplain,45,42,False
1588651020657238017,Fri Nov 04 21:56:00 +0000 2022,,,2,VT_Jeff_RE_Life,23,14,False
1459336135856033797,Sat Nov 13 01:56:16 +0000 2021,Hello,,7,Genesis19909,141,856,False
1594756665491849216,Mon Nov 21 18:16:43 +0000 2022,,,0,nagsalot53,1,2,False
1177626577875689474,Fri Sep 27 16:51:39 +0000 2019,,,2,SinacolaMatt,3,1,False
1026648549721698304,Tue Aug 07 01:57:43 +0000 2018,"Starting over with this platform, hoping it's more fair now.","Westminster, CO",11,Kwooten235,551,1196,False
2450641561,Fri Apr 18 01:08:38 +0000 2014,,,48,RhondaSeelinger,762,17399,False
119987745,Fri Mar 05 04:21:49 +0000 2010,,Brooklyn NY,52,Menabeamer,801,1568,False
555476451,Mon Apr 16 20:18:36 +0000 2012,,"McAllen, TX",10,sfountain84,467,843,False
1449382672283938816,Sat Oct 16 14:33:24 +0000 2021,,,6,IkertLeonard,58,111,False
1586317044001243137,Sat Oct 29 11:23:54 +0000 2022,Born in Nashua NH. Graduated Nashua High 1981 and the University of New Hampshire in 1985. Married to Beth MacDonald LeClaire since 1991. Retired in 2020.,"Punta Gorda, FL",1,LeClaireteam,7,2,False
1592257663802408960,Mon Nov 14 20:47:15 +0000 2022,Beautiful easy going happy gal. Enjoy good conversation with no room for non sense. When I don't get respect I don't need your conversation,,0,GloriaStai,7,6,False
2909664742,Sun Dec 07 18:21:06 +0000 2014,I do art things and science things,,25,Carinazon96,93,9502,False
1577720782821756952,Wed Oct 05 18:02:27 +0000 2022,,,0,Sheilaprins35,2,1,False
1521267034705006592,Mon May 02 23:15:22 +0000 2022,,,4,sjgrenleski,329,120,False
3428254992,Wed Sep 02 18:02:20 +0000 2015,,"Seattle, WA",18,ericcooley23,70,24,False
1313534349711679489,Tue Oct 06 17:40:25 +0000 2020,,,0,cherylforevero1,2,0,False
1479220541563277315,Thu Jan 06 22:38:27 +0000 2022,,,4,Johnwelty11,29,32,False
182975131,Wed Aug 25 21:21:53 +0000 2010,,,214,MichaelZarabi,1327,589,False
99769575,Sun Dec 27 19:46:00 +0000 2009,"Find treasures of the world, ancient and modern. We are guardians of history.
We have a little bit of everything great for movie/theatre sets & creative people","North Hollywood, Los Angeles",155,aelkarim6aolcom,942,220,False
1588029407494651904,Thu Nov 03 04:46:23 +0000 2022,,,5,Richard41020,3,33,False
1589447264170168321,Mon Nov 07 02:39:17 +0000 2022,,,2,Kristindot_,32,31,False
1587154927507439616,Mon Oct 31 18:50:39 +0000 2022,,,3,Jimsnyd51041805,157,79,False
1457858724991684608,Mon Nov 08 23:53:51 +0000 2021,Pro-mask. Covid is real. LDS convert. #FSHDsociety. #cureFSHD. #disabilityawareness. #neuromuscular.,,14,Alysha1515,165,4201,False
935959997145497600,Wed Nov 29 19:53:47 +0000 2017,,,6,Hehawg,230,663,False
2231513700,Thu Dec 05 13:55:20 +0000 2013,,,3,kimmieann43113,14,312,False
1524226767203962881,Wed May 11 03:16:15 +0000 2022,My strength of character,,5,kbrown1473,152,472,False
1512104927685799939,Thu Apr 07 16:28:32 +0000 2022,Just trying to make it.,"California, USA",1,Princes92223558,16,68,False
1251012033539198977,Fri Apr 17 04:58:24 +0000 2020,Big heart with a wonderful personality,,0,TwanaWright19,8,3,False
1518695388231962625,Mon Apr 25 20:56:26 +0000 2022,But would you could you if you could?,,36,HeyJUDE65796242,1764,6035,False
3150224796,Sat Apr 11 19:12:39 +0000 2015,Prior law enforcement,"San Diego, CA",83,stever1552,4010,3108,False
1580953993404186625,Fri Oct 14 16:10:14 +0000 2022,,,1,campo_ap,2,32,False
1494776250082250752,Fri Feb 18 20:50:18 +0000 2022,"A politically independent, news junkie, public safety (Fire, EMS, Flight Medic, Emergency Mgmt professional), a pilot & and a retired vet.",,53,rebelpilotmedic,1645,566,False
754084430831030273,Fri Jul 15 22:45:13 +0000 2016,History professor of Middle East and American foreign relations.,"Florida, USA",66,AlexShelby07,883,1384,False
1305619084852166656,Mon Sep 14 21:27:52 +0000 2020,,,101,mary66750474,21071,18245,False
1563181077870841856,Fri Aug 26 15:06:48 +0000 2022,Patriot...Future Podcast project.  More to come...,,28,Gymrat_66,29,3,False
19093928,Sat Jan 17 00:16:35 +0000 2009,,,2,dockthefish,1067,79,False
1384685169341308931,Wed Apr 21 01:47:35 +0000 2021,,,14,ChristinaReisi2,304,713,False
1594062793023553538,Sat Nov 19 20:20:01 +0000 2022,,,0,JanThurman4,1,0,False
1546029458620022784,Sun Jul 10 07:12:39 +0000 2022,,,0,q69k52fq5v,69,13,False
1519354186839773185,Wed Apr 27 16:34:48 +0000 2022,"When you rock, you must roll.
Living in Europe, heart still in America","Vienna, Austria",61,DJB1864,674,1913,False
2196031764,Fri Nov 15 13:57:33 +0000 2013,,,3,KYW1009,184,498,False
1586147383267786756,Sat Oct 29 00:06:34 +0000 2022,"Harley Davidson 24/7. 1st and 2 amendment believer , FJB BIGGEST LIE PUT ON AMERICA. NO DM !","Daytona Beach, FL",85,Marc758201,293,306,False
1598124640995516417,Thu Dec 01 01:20:49 +0000 2022,,,0,AlKehrer,4,9,False
1587087747126370304,Mon Oct 31 14:23:21 +0000 2022,,,0,StillbourneSoul,26,4,False
845270343958847491,Fri Mar 24 13:45:29 +0000 2017,,,12,dardar06010,1816,10,False
1515864718832975872,Mon Apr 18 01:28:25 +0000 2022,,,1,Donna825214,6,1,False
1573105738280587264,Fri Sep 23 00:23:52 +0000 2022,,,1,sjbecker2007,1,0,False
184459918,Sun Aug 29 16:26:05 +0000 2010,,,3,slo318,142,760,False
1582473433253875712,Tue Oct 18 20:47:35 +0000 2022,,,3,katia76923489,779,570,False
1594689629650763776,Mon Nov 21 13:50:40 +0000 2022,,,223,pandapoorocks5,1745,2518,False
1459171687090556936,Fri Nov 12 14:50:42 +0000 2021,,,4,TheCynicalNerd1,275,265,False
1506618924745510918,Wed Mar 23 13:09:12 +0000 2022,,,1,YankeesEagles1,8,0,False
1588288094612193306,Thu Nov 03 21:52:59 +0000 2022,,,6,Hensleypenny12,7,63,False
1588687934827397120,Sat Nov 05 00:22:05 +0000 2022,,,1,KristledollRN,10,101,False
2752140503,Wed Aug 27 00:08:27 +0000 2014,,"Phillipsburg, NJ",28,fsmith3665,190,163,False
895949094,Sun Oct 21 19:02:46 +0000 2012,We still have a BiG fkn problem,,54,um_rol,8617,32313,False
37491729,Sun May 03 20:17:17 +0000 2009,,"Springfield, MO",15,WaltLyman,28,3,False
1585031556128808973,Tue Oct 25 22:12:59 +0000 2022,Proud to be American!,"Alabama, USA",370,ke64728513,1831,848,False
2895381028,Fri Nov 28 00:28:38 +0000 2014,,,1,teresabarbee365,2,6,False
1396959541661601794,Mon May 24 22:41:34 +0000 2021,,,11,Curious56388405,3350,1558,False
1598090837149220871,Wed Nov 30 23:05:29 +0000 2022,,,0,rzwalk,2,2,False
1470523582971199488,Mon Dec 13 22:39:37 +0000 2021,,,0,Patrick56051125,97,5,False
1450011792432934918,Mon Oct 18 08:12:44 +0000 2021,,,1,MaryPat84550117,122,222,False
1392084608,Tue Apr 30 13:33:59 +0000 2013,Paintings/ Commissions available,Moray,373,robmcshane2,3855,542,False
1461378843713941513,Thu Nov 18 17:01:08 +0000 2021,Life long learner and ready for opportunities that come my way,,2,joshua_candella,118,3,False
1467222528502513668,Sat Dec 04 20:01:49 +0000 2021,"I’m a wife, mama and Nana that loves to craft",,75,NanaT_1113,6227,11313,False
1519425250144010243,Wed Apr 27 21:17:41 +0000 2022,"People person,, love children, have complete trust in GOD",,17,Patrici33069557,339,556,False
1223261083542093825,Fri Jan 31 15:05:58 +0000 2020,UNDER CONSTRUCTION 🚧,"Charlotte, NC",3,unknownnessness,8,281,False
1516180688680140806,Mon Apr 18 22:24:26 +0000 2022,,,1,SchuylerMartin6,68,153,False
1500807826737881088,Mon Mar 07 12:17:44 +0000 2022,,"Washington, DC",6,Helloit66232229,79,53,False
40518747,Sat May 16 18:48:25 +0000 2009,,,40,admanmark,18,16,False
1588270742118223873,Thu Nov 03 20:44:05 +0000 2022,,,0,RhondaGordillo,2,18,False
1594755452105097218,Mon Nov 21 18:12:01 +0000 2022,,,6,Joycurrent3,495,204,False
1589606894834008064,Mon Nov 07 13:13:30 +0000 2022,"USA. Miami Dolphins, Georgia Bulldogs, Atlanta Braves, and Nashville predators fan. 2nd amendment. Outdoorsman. Inspiring woodworker. Blue line. History buff.",,118,mierholtz64,173,974,False
1596152193144463361,Fri Nov 25 14:42:48 +0000 2022,,,12,Forevertrue10,724,1064,False
1482173911525728257,Sat Jan 15 02:13:51 +0000 2022,Bad ass,,1,Skankhuntslut,79,148,False
1223809385933295617,Sun Feb 02 03:24:40 +0000 2020,Professional by day. Animal advocate evenings and weekends. Imagine a kinder world. Do your part.,,22,StevenRettke,1386,705,False
1524089737895624719,Tue May 10 18:16:38 +0000 2022,I believe in a higher power.,,4,Busch20Busch,17,223,False
1518635454660186113,Mon Apr 25 16:58:16 +0000 2022,,,3,PaulMacMcMaster,11,11,False
2896666052,Tue Nov 11 14:37:52 +0000 2014,,,3,PatC317,101,448,False
1439468859350786052,Sun Sep 19 05:58:30 +0000 2021,,,0,FicarraMichelle,17,41,False
1486708533844455431,Thu Jan 27 14:32:37 +0000 2022,I love to knit and listen to music!,,69,LisaKno59815534,1934,2602,False
1520738302483124224,Sun May 01 12:14:26 +0000 2022,US Navy retired,Ft Myets Fl,2,James29177801,14,0,False
905108894049021958,Tue Sep 05 16:42:31 +0000 2017,,,2,jamesjanis1963,53,7,False
906623119221194753,Sat Sep 09 20:59:30 +0000 2017,Uppity chick from the projects... SIIIIKE,,22,ChynaMePlease,64,11,False
1428100907267362817,Wed Aug 18 21:06:15 +0000 2021,,,5,moonlessdong,237,323,False
1501196716866998284,Tue Mar 08 14:03:22 +0000 2022,,,36,holestein75,70,46,False
630781501,Mon Jul 09 04:22:04 +0000 2012,"Born and raised in Puerto Rico. 

English & Spanish","Winter Park, FL",43,Marcos_Swagga,1157,909,False
1572018625300529153,Tue Sep 20 00:24:14 +0000 2022,,,6,ega62351880,17,3,False
1573492451565781011,Sat Sep 24 02:00:29 +0000 2022,Just your local English and History Teacher that owns a chain of coffee shops and runs a company in the side.,,1,AzzyTheOriginal,4,4,False
1402996661186490381,Thu Jun 10 14:31:01 +0000 2021,,,1,Woman174167777,2,4,False
1508481139849146373,Mon Mar 28 16:28:46 +0000 2022,An unfiltered take on current events.,,0,PCopposition,59,0,False
1508481139849146373,Mon Mar 28 16:28:46 +0000 2022,An unfiltered take on current events.,,0,PCopposition,59,0,False
2684687944,Mon Jul 07 21:27:05 +0000 2014,,,12,bamakeyman,191,38,False
1284618876966309896,Sat Jul 18 22:40:01 +0000 2020,,Somewhere ,0,Bill1187,10,1,False
1571814786072977409,Mon Sep 19 10:54:27 +0000 2022,,,1,DPodzamsky,3,1,False
998663238,Sun Dec 09 05:59:01 +0000 2012,No,,14,coreydubbs,856,124,False
850463913925898245,Fri Apr 07 21:42:52 +0000 2017,"Gamer, Programmer, Snark, Lifetime resident of Negan's Peepee Pants City.","Pennsylvania, USA",15,StoneFaceMikey,2283,544,False
1534986380778119170,Thu Jun 09 19:59:58 +0000 2022,Fun loving momma and gramma,,3,MissyBu89512049,2,19,False
1586426030633504769,Sat Oct 29 18:34:19 +0000 2022,,,10,DLCook848593,2,2,False
1587081097233412096,Mon Oct 31 13:57:05 +0000 2022,,,1,j_wretch13,4,4,False
1518702827551571969,Mon Apr 25 21:26:38 +0000 2022,"God, Family, Traveling!",,2,BVIBOB,34,49,False
1589460142403248132,Mon Nov 07 03:30:15 +0000 2022,,"Tallahassee, FL",0,QweenLadyK,6,27,False
1587086961012969472,Mon Oct 31 14:20:50 +0000 2022,"We teach scientific methods to embrace our beautiful inheritance in order to synchronized with mother Earth.   Learn the real time system, star navegation, etc.",,1,Flatearther369,73,4,False
1592207840655147011,Mon Nov 14 17:28:45 +0000 2022,"Retired.  Loving Life.  Motto: Debate, don't hate.  Everyone is entitled to their opinion, even though mine is the right one. :)",Tennessee,0,56Peanuts,18,4,False
140421185,Wed May 05 13:00:56 +0000 2010,,,12,ddlbbw,73,88,False
1594803644465029122,Mon Nov 21 21:23:25 +0000 2022,"Trump won, Joe is a illegitimate “president”",,44,Tyroneblackems,535,309,False
1045410023223033856,Thu Sep 27 20:29:07 +0000 2018,Gov Officials & Agencies Tech News History History Politics Health,"Cary, NC",8,jackiel56444021,173,448,False
1586147599513518080,Sat Oct 29 00:07:58 +0000 2022,,,3,RonaRogers68,5,84,False
1549352143815147522,Tue Jul 19 11:15:42 +0000 2022,Prof of economics,,0,MirenIvankovic,17,10,False
1586753584816963585,Sun Oct 30 16:16:41 +0000 2022,,,0,bosstweed99,1,6,False
1197152071490920456,Wed Nov 20 13:57:59 +0000 2019,newly discovered furry. this is my fursona account until I'm ready to share with the world!,"Elizabeth, NJ",13,FuzzLightyear3,82,4,False
1357024805992751104,Wed Feb 03 17:55:09 +0000 2021,"Newsman here with the news. Reviewing news as it comes available and calling out fake news when I see it. If you aren’t already following me, that’s on you. I",,8,Newsman_News,1621,20,False
1521453616346849282,Tue May 03 11:37:06 +0000 2022,,,3,918Radar,34,25,False
955480731584622592,Mon Jan 22 16:42:13 +0000 2018,,,4,SeanMcC67861967,126,465,False
1586301147635240960,Sat Oct 29 10:18:13 +0000 2022,,,4,BillSuperfly34,285,131,False
784889259811491840,Sat Oct 08 22:52:37 +0000 2016,Dogs And Christians,"Minnesota, USA",2,pearlie004,263,20,False
1595815496527519745,Thu Nov 24 16:24:06 +0000 2022,"Dad, Husband, Sailor, Engineer",United States,11,ClaudeThe3rd,23,354,False
1400557789899104259,Thu Jun 03 20:59:54 +0000 2021,retired Navy Dude,,3,CarlosLenis19,151,38,False
630781501,Mon Jul 09 04:22:04 +0000 2012,"Born and raised in Puerto Rico. 

English & Spanish","Winter Park, FL",43,Marcos_Swagga,1157,909,False
630781501,Mon Jul 09 04:22:04 +0000 2012,"Born and raised in Puerto Rico. 

English & Spanish","Winter Park, FL",43,Marcos_Swagga,1157,909,False
630781501,Mon Jul 09 04:22:04 +0000 2012,"Born and raised in Puerto Rico. 

English & Spanish","Winter Park, FL",43,Marcos_Swagga,1157,909,False
1585807943865360385,Fri Oct 28 01:37:51 +0000 2022,,,0,greg72401,8,27,False
1520094091819851777,Fri Apr 29 17:35:07 +0000 2022,"Retired, Sgt. Los Angeles County Sheriff’s Dept. 30 yrs. USCG masters license, ret., Licensed P. I., CA & FL, ret. , Maritime Anti-Terrorism Instructor, retired",,1,StormMurcott,23,31,False
1108885124458995714,Fri Mar 22 00:16:30 +0000 2019,,,1,MAP3122,5,0,False
980458059905552384,Sun Apr 01 14:53:12 +0000 2018,,,1,Mlovelace8301,105,137,False
1563332326632804352,Sat Aug 27 01:08:23 +0000 2022,"I'm not ""special"" feeling that way is an entitled way to live. I'm just a boring conservative.","Summerville, South Carolina ",4,RobertL46453904,86,175,False
1522404600791375874,Fri May 06 02:35:58 +0000 2022,,,0,LauraK44045383,25,69,False
2569245014,Sun Jun 15 15:56:46 +0000 2014,,,10,walsha02100,27,170,False
1455633813510529032,Tue Nov 02 20:32:35 +0000 2021,,,21,RichardCabler,1295,1514,False
1425141724519743491,Tue Aug 10 17:07:44 +0000 2021,InfoGraphic Designer,"Florida, USA",6,AmyEllenLoves,19,20,False
1098775212387127296,Fri Feb 22 02:43:19 +0000 2019,Joey with a pineapple? Joey with a pineapple.,,3,WayDrifted,3,17,False
1559541363330490370,Tue Aug 16 14:03:49 +0000 2022,,,0,Gaspar1450,40,36,False
1587621018163707904,Wed Nov 02 01:43:16 +0000 2022,Retired College Mathematics Instructor & VP. Love God & Family❤️,,3,CharlieB2527,30,417,False
1587018964315607041,Mon Oct 31 09:49:50 +0000 2022,,,2,spiritofsamson,24,289,False
1088439029069156354,Thu Jan 24 14:11:01 +0000 2019,"Retired Produce Broker, Proud Red State Native Floridian",,1,BeeseElizabeth,85,72,False
1420377154186063880,Wed Jul 28 13:34:55 +0000 2021,,,2,DahlmanCarl,2568,1298,False
805661693439315968,Mon Dec 05 06:34:50 +0000 2016,,,2,tdlee32,50,799,False
1570278890186088448,Thu Sep 15 05:10:49 +0000 2022,,,49,ZMAN16566383,10,7,False
1191360332960346112,Mon Nov 04 14:23:41 +0000 2019,loving life!!! Married for 21 years and 6 amazing children and i still can run with the best! Always striving to beat my best!! Self made! Luckiest women alive,,11,TheMilesCrew,151,56,False
2610849164,Tue Jul 08 02:11:17 +0000 2014,I'm a dreamer looking for the wisdom of life.This is real persons page run by a real person.that uses it for whatever research Im doing and blogging.,"Columbus, OH",406,KirbbDogg2000,12297,165405,False
1587939868105068545,Wed Nov 02 22:49:44 +0000 2022,"I love Jesus. I am a wife, mother and grandmother. 🌲 🌲🌲🌲",,2,Sherrie19801985,160,294,False
1586864517073575938,Sun Oct 30 23:36:50 +0000 2022,,,0,CossinMarty,1,28,False
1586148025948426244,Sat Oct 29 00:09:29 +0000 2022,,,0,RonaldW98262061,6,12,False
2992282198,Thu Jan 22 14:56:15 +0000 2015,,,16,stlstndg,109,698,False
1586150609945825281,Sat Oct 29 00:19:33 +0000 2022,,,1,chilout_jc,2,55,False
1587682803881480193,Wed Nov 02 05:48:21 +0000 2022,,Idaho,1,dankern6969,249,320,False
1589327055023472641,Sun Nov 06 18:41:45 +0000 2022,,SC,0,SouthernHeat,4,36,False
935083112966455296,Mon Nov 27 09:49:21 +0000 2017,Broadening my horizons,NJ,8,EpicGoddessHD,38,10,False
1420377154186063880,Wed Jul 28 13:34:55 +0000 2021,,,2,DahlmanCarl,2568,1298,False
1595548164584513544,Wed Nov 23 22:42:06 +0000 2022,That average citizen who is tired of the lies that are shoved down our throats. Let's Make America Great Again!,"Florida, USA",3,Averag_Citizen,14,112,False
1147881570025529344,Sun Jul 07 14:54:27 +0000 2019,,,9,TammyBu55231230,198,81,False
1514620723641430018,Thu Apr 14 15:05:23 +0000 2022,,,4,sheila_harston,364,264,False
1505969074400075782,Mon Mar 21 18:06:48 +0000 2022,Conservative,,0,BekKuch,245,306,False
990253404512452609,Sat Apr 28 15:36:24 +0000 2018,"Constitutional Conservative 🇺🇸God, Family & country🇺🇸Unwoke MAGA🇺🇸teacher🇺🇸classical pipe organist🇺🇸Airedales",,915,Drwatspn1013,4639,6998,False
1352733545589059585,Fri Jan 22 21:43:19 +0000 2021,,,170,Frank70050544,11816,50393,False
1585816912113635329,Fri Oct 28 02:13:50 +0000 2022,,,5,mvorn44,309,1154,False
1586063769611943939,Fri Oct 28 18:34:36 +0000 2022,,"Vermont, USA",27,PassuPerry,1524,1032,False
1591625725,Sat Jul 13 18:43:05 +0000 2013,⚫️🟡STEELERS 🏈OBVIOUSLY!! 🖥 Part Time Blogger. 📲DM for networking. 🤐Rants welcome. NOT 🚫 a voice actor,"Dallas, TX",1158,beanie099,12838,3457,False
1110936848031977477,Wed Mar 27 16:09:19 +0000 2019,#IndyCar #Indy500 @MatthewNewgarden on Parler,,4162,a_newgarden,111315,37328,False
1587482882985148417,Tue Nov 01 16:33:55 +0000 2022,,,53,RastelliSteve,573,1094,False
1518964031574491136,Tue Apr 26 14:44:25 +0000 2022,My thoughts are mine,,3,JeaniePrater4,212,417,False
1501631467939639300,Wed Mar 09 18:50:34 +0000 2022,📰 News by the People -https://t.co/Spw17zvtNv Create & share news for free. We believe 99% of politicians (left & right) are bad for the American people,,377,argo_times,181684,4,False
1235806578718081026,Fri Mar 06 05:57:18 +0000 2020,Thinkn in The Land O Lincoln,,2261,LawrenceForbe16,48456,54293,False
320187191,Sun Jun 19 13:25:40 +0000 2011,"Jesus is Lord! Happily married to my wife, Diane! Proud father of 3 great girls.","Ohio, USA",356,drew_mullen,10653,23855,False
1589628635987595264,Mon Nov 07 14:40:02 +0000 2022,,,48,EmTeaVe,3277,1918,False
1501631467939639300,Wed Mar 09 18:50:34 +0000 2022,📰 News by the People -https://t.co/Spw17zvtNv Create & share news for free. We believe 99% of politicians (left & right) are bad for the American people,,377,argo_times,181684,4,False
1518782629226577920,Tue Apr 26 02:43:46 +0000 2022,"Looking for like minded common sense peep tweets, anyone out there?😂😂🙄",,9,Shawnlm63,114,290,False
36015448,Tue Apr 28 07:32:53 +0000 2009,,Illinois,78,Smyttii,884,466,False
2366233298,Fri Feb 28 23:42:44 +0000 2014,"Husband, Father, Facilities Electrical Engineer, Looking for new opportunities.",,6,SeniorEEng,383,633,False
1586467030873833472,Sat Oct 29 21:17:13 +0000 2022,,,27,HookerBirdy,191,4062,False
741984407578247172,Sun Jun 12 13:24:03 +0000 2016,Government & Politics.,United States,542,voiceoreason702,29677,17318,False
1562172725543706626,Tue Aug 23 20:19:55 +0000 2022,Gambling...crypto...politics...registered GOP/Reagan Conservative...only one team matters...Redskin potatoes...HTTR...HTTC...,God's Green Earth,67,RolexGambler,6761,2753,False
1570466329064509442,Thu Sep 15 17:35:40 +0000 2022,,,13,oldtruck1976,1607,83,False
1511849106460889091,Wed Apr 06 23:32:04 +0000 2022,maga,,2,william_tipping,483,299,False
1140550132884070401,Mon Jun 17 09:21:56 +0000 2019,,,13,thomaslew13,6423,0,False
1157516414028111872,Sat Aug 03 04:59:53 +0000 2019,"Chemical Engineer. music lover, marathon champion, professional yoga player. A good woman-:)","Palo Alto, California, USA",69,AnnaRL_Bian,3677,2737,False
1501631467939639300,Wed Mar 09 18:50:34 +0000 2022,📰 News by the People -https://t.co/Spw17zvtNv Create & share news for free. We believe 99% of politicians (left & right) are bad for the American people,,377,argo_times,181684,4,False
1586382556395499520,Sat Oct 29 15:41:09 +0000 2022,,,6,jgh_57,515,391,False
1469812403953147910,Sat Dec 11 23:33:22 +0000 2021,,,3,NiddrieRichard,253,86,False
1586724847517941761,Sun Oct 30 14:21:38 +0000 2022,Retired,Florida,38,larryanglin9,608,2646,False
1140550132884070401,Mon Jun 17 09:21:56 +0000 2019,,,13,thomaslew13,6423,0,False
407966949,Tue Nov 08 20:06:26 +0000 2011,Musician / Singer /Song Writer performing your favorite dance music.,Port Charlotte Fl,16,frankamedeo,133,16,False
1578547887495155717,Sat Oct 08 00:48:53 +0000 2022,,,57,OldsargeThe,115,914,False
961630265385930752,Thu Feb 08 15:58:16 +0000 2018,"✝️Classic liberal that can see thru the BS of the extreme left, and right.",the world,114,Nitrojunky54,29240,33196,False
1549916753114824704,Thu Jul 21 00:40:02 +0000 2022,"Mom of 4, Army wife for life, AF and Army Mom, and a VA caregiver. Pure Blood. Gamer. Lover of freedom.",Podunk Missery,35,FrenchVanessa3,1009,164,False
1587126039054061577,Mon Oct 31 16:55:59 +0000 2022,,,4,RdRadiii,17,118,False
1478864644878086146,Wed Jan 05 23:03:47 +0000 2022,I’m back - Again - Fighting fascism by Twits,United States,17,squawkCubed,1628,995,False
2277551238,Sun Jan 05 12:28:32 +0000 2014,Let's Go!,,28,DurbinPradeepa,1622,1403,False
157308292,Sat Jun 19 13:03:36 +0000 2010,Previous account got Musk’d.,,25,Kwistn82,350,1310,False
917116010590883840,Sun Oct 08 19:54:30 +0000 2017,,,3,umpleyob,948,602,False
841619868923314177,Tue Mar 14 11:59:48 +0000 2017,,,25,DavidWo15416040,51717,73,False
1091323048672796674,Fri Feb 01 13:11:05 +0000 2019,,,1,MikeyPInTheHou1,861,12,False
17442654,Mon Nov 17 14:58:33 +0000 2008,"48 yr old married father of 2 , IT professional","Virginia , US",11,txmrlevine,927,828,False
366043781,Thu Sep 01 13:36:50 +0000 2011,"Pyrotechnition,3rd Generation Ukrainian Canadian,UAF Fanboi, Shitposter,Master Borcht maker,NAFO benchwarmer.",Canaduh,181,Canadianpyro1,2210,1822,False
1556005767932571648,Sat Aug 06 19:54:49 +0000 2022,,,5,Vincent08571545,127,441,False
1556005767932571648,Sat Aug 06 19:54:49 +0000 2022,,,5,Vincent08571545,127,441,False
1501631467939639300,Wed Mar 09 18:50:34 +0000 2022,📰 News by the People -https://t.co/Spw17zvtNv Create & share news for free. We believe 99% of politicians (left & right) are bad for the American people,,377,argo_times,181684,4,False
1519424767891316738,Wed Apr 27 21:14:36 +0000 2022,Trump supporter,,0,TheDonald306,33,21,False
1592519812793749505,Tue Nov 15 14:08:08 +0000 2022,"Opin•ion : A view, judgment, or appraisal formed in the mind about a particular matter, expressed by typing or otherwise ""tweeting"" on site known as twitter.",Earth for now,5,blue_pbnj,70,33,False
862393887029178368,Wed May 10 19:48:20 +0000 2017,,,2,FredBenoit5,622,115,False
1520020622683820037,Fri Apr 29 12:42:28 +0000 2022,,,53,AndrewH15918999,4336,5873,False
1595470254607671296,Wed Nov 23 17:32:21 +0000 2022,,,2,jackSpa81774793,189,3,False
1520781655765659649,Sun May 01 15:06:40 +0000 2022,Rebel with a mission,,14,SteveT72173388,85,559,False
1591516444105342976,Sat Nov 12 19:41:33 +0000 2022,,,2,JohnHen69685395,44,0,False
74697061,Wed Sep 16 10:06:59 +0000 2009,"20 year Navy veteran. I love our flag and our country. #Bidensucks, #bluelivesmatter, #IllinoisDemocraticpartyblows, #LetsGoBrandon",Illinois,295,grizman1825,16976,11363,False
301552174,Thu May 19 17:21:19 +0000 2011,"People should not be afraid of their governments, governments should be afraid of their people.

Resist/Tyranny",Sniffing your hair,1172,DC_Rob,28371,61953,False
1414753901279076353,Tue Jul 13 01:13:17 +0000 2021,,,5,Tomatxmtb,1437,4,False
1592850229170438144,Wed Nov 16 12:01:16 +0000 2022,"🚫 DMs. Mother. Nurse. 🇺🇸

All opinions welcome, but don't expect to change mine.",,139,jklynch72,962,3350,False
166845104,Thu Jul 15 03:50:40 +0000 2010,"#RadicalCentrist - Always on the side of truths & common sense. 
Take financial control. The government will not help you grow wealth, so you do it yourself.",USA,4391,ExcusedEarly,133421,55481,False
